{
  "data": {
    "forms": [
      {
        "id": -4,
        "name": "New Form 2",
        "published": false,
        "publishedDate": null,
        "format": "[\"g:-1\", \"g:-4\"]",
        "groups": [
          {
            "id": -1,
            "name": "Testing Edit",
            "format": "[]",
            "settings": "{\"locked\": false, \"showTitle\": true}",
            "type": "SECTION"
          },
          {
            "id": -4,
            "name": "Section",
            "format": "[]",
            "settings": "{\"locked\": false, \"showTitle\": true}",
            "type": "SECTION"
          }
        ]
      }
    ]
  }
}
